Model,RMSE,MAE,MAPE,Directional_Acc
"ARIMA(4, 2, 0)",583.8321782678232,542.5083162549255,14.01572315084526,59.32203389830508
"SARIMA(0, 1, 2)x(1, 1, 1, 5)",952.39851879839,894.8549277687218,22.920473588932865,57.6271186440678
Prophet,175.13,152.67,3.95,59.32
XGBoost,801.42,734.96,18.69,71.19
LSTM,219.24,196.41,5.17,62.71
